code_iso2,nom,continent,region,population,superficie_km2,cote_maritime,pays_enclavé,ile,nombre_voisins,langue_principale,nombre_langues_officielles,monnaie,ue,hemisphere,climat_dominant,drapeau_couleurs,drapeau_multicolore,drapeau_elements,religion_principale,indice
AF,Afghanistan,Asie,Asie du Sud / Asie centrale,"43,4 M",652230,False,True,False,6,Dari/Pachtou,2,Afghani,False,Nord,aride,"noir,rouge,vert",True,"armoiries,mosquée",Islam,"Là où le Bouddha de Bamiyan veillait depuis 1 500 ans, au carrefour des empires"
AL,Albanie,Europe,Europe du Sud / Europe de l'Est,"2,8 M",28748,False,True,False,4,Albanais,1,Lek,False,Nord,méditerranéen,"rouge,noir",False,aigle,Islam,L'aigle bicéphale sur fond rouge sang : ce drapeau est identique à celui d'un personnage historique légendaire
DZ,Algérie,Afrique,Afrique du Nord,"46,2 M",2381741,True,False,False,6,Arabe,2,Dinar algérien,False,Nord,aride,"vert,blanc,rouge",True,"croissant,étoile",Islam,"Le plus grand pays d'Afrique depuis 2011, entre mer bleue et sable infini"
AD,Andorre,Europe,Europe du Sud,77 K,468,True,False,False,2,Catalan,1,Euro,False,Nord,montagnard,"bleu,jaune,rouge",True,armoiries,Christianisme (catholicisme),"Entre deux géants pyrénéens, ce micro-État vit de ski et de shopping hors taxes"
AO,Angola,Afrique,Afrique centrale,"36,7 M",1246700,True,False,False,4,Portugais,1,Kwanza,False,Nord,tropical,"rouge,noir",False,"machette,étoile,roue",Christianisme,"L'un des plus grands producteurs de pétrole d'Afrique subsaharienne, aux plages quasi-désertes"
AG,Antigua-et-Barbuda,Amériques,Caraïbes,94 K,442,True,False,True,0,Anglais,1,Dollar des Caraïbes orientales,False,Nord,tropical,"rouge,noir,blanc,jaune",True,soleil,Christianisme,"Une plage pour chaque jour de l'année, à condition d'être bon en calcul"
AR,Argentine,Amériques,Amérique du Sud,"46,0 M",2780400,True,False,False,5,Espagnol,1,Peso argentin,False,Nord,tempéré,"bleu,blanc",False,soleil,Christianisme (catholicisme),"Patrie du tango, du malbec et d'un certain numéro 10 au maillot rayé bleu et blanc"
AM,Arménie,Europe,Asie de l'Ouest / Caucase,"3,0 M",29743,False,True,False,4,Arménien,1,Dram,False,Nord,continental,"rouge,bleu,orange",True,aucun,Christianisme (orthodoxe),"La plus ancienne nation chrétienne du monde, premier pays à avoir adopté cette religion en 301"
AU,Australie,Océanie,Océanie,"26,5 M",7692024,True,False,True,0,Anglais,1,Dollar australien,False,Sud,aride,"bleu,rouge,blanc",True,"Union Jack,étoiles",Multireligion,Le continent-pays où les animaux venimeux ont décidé de tout coloniser sans exception
AT,Autriche,Europe,Europe centrale,"9,1 M",83871,False,True,False,8,Allemand,1,Euro,True,Nord,tempéré,"rouge,blanc",False,aucun,Christianisme (catholicisme),"La patrie de Mozart, de Freud et de la valse — mais aussi du ski alpin"
AZ,Azerbaïdjan,Europe,Asie de l'Ouest / Caucase,"10,3 M",86600,False,True,False,5,Azerbaïdjanais,1,Manat,False,Nord,continental,"bleu,rouge,vert",True,"croissant,étoile",Islam,"La 'Terre de feu', dont les flammes naturelles ont inspiré une religion antique"
BS,Bahamas,Amériques,Caraïbes,400 K,13943,True,False,True,0,Anglais,1,Dollar des Bahamas,False,Nord,tropical,"bleu,jaune,noir",True,triangle,Christianisme,"L'archipel atlantique aux eaux les plus turquoise du monde, favori des croisières et des pirates d'autrefois"
BH,Bahreïn,Asie,Asie de l'Ouest,"1,5 M",765,True,False,False,1,Arabe,1,Dinar bahreïnien,False,Nord,aride,"rouge,blanc",False,dentelé,Islam,La petite île-État qui accueille le Grand Prix de Formule 1 depuis 2004 dans le Golfe
BD,Bangladesh,Asie,Asie du Sud,"172,9 M",147570,True,False,False,3,Bengali,1,Taka,False,Nord,tropical,"vert,rouge",False,disque,Islam,"170 millions d'habitants sur un delta de fleuves, champion mondial de la densité de population"
BB,Barbade,Amériques,Caraïbes,282 K,430,True,False,True,0,Anglais,1,Dollar de la Barbade,False,Nord,tropical,"bleu,jaune",False,trident,Christianisme,"L'île natale de Rihanna, championne mondiale du rhum et du cricket"
BY,Biélorussie,Europe,Europe de l'Est,"9,4 M",207600,False,True,False,5,Biélorusse,2,Rouble biélorusse,False,Nord,continental,"rouge,vert,blanc",True,ornement,Christianisme (orthodoxe),"L'Europe orientale aux forêts de bouleaux, souvent surnommée le 'dernier État policier d'Europe'"
BE,Belgique,Europe,Europe de l'Ouest,"11,6 M",30528,True,False,False,4,Français,3+,Euro,True,Nord,tempéré,"noir,jaune,rouge",True,aucun,Christianisme (catholicisme),"Frites, gaufres, bières trappistes et Tintin : ce petit pays a tout inventé"
BZ,Belize,Amériques,Amérique centrale,440 K,22966,True,False,False,2,Anglais,1,Dollar de Belize,False,Nord,tropical,"bleu,rouge,blanc",True,armoiries,Christianisme,L'unique pays d'Amérique centrale dont la langue officielle est l'anglais
BJ,Bénin,Afrique,Afrique de l'Ouest,"13,7 M",112622,True,False,False,4,Français,1,Franc CFA,False,Nord,tropical,"vert,jaune,rouge",True,aucun,Multireligion,"Le berceau mondial du vodoun, entre palais royaux d'Abomey et côte atlantique"
BT,Bhoutan,Asie,Asie du Sud,782 K,38394,False,True,False,2,Dzongkha,1,Ngultrum,False,Nord,montagnard,"orange,jaune",False,dragon,Bouddhisme,Le seul pays au monde à mesurer le Bonheur National Brut à la place du PIB
BO,Bolivie,Amériques,Amérique du Sud,"12,3 M",1098581,False,True,False,5,Espagnol,3+,Boliviano,False,Nord,montagnard,"rouge,jaune,vert",True,armoiries,Christianisme (catholicisme),La seule nation sud-américaine avec deux capitales officielles et le plus grand désert de sel du monde
BA,Bosnie-Herzégovine,Europe,Europe du Sud / Europe de l'Est,"3,2 M",51197,False,True,False,3,Bosnien,3+,Mark convertible,False,Nord,continental,"bleu,jaune,blanc",True,"étoiles,triangle",Multireligion,Le pont de Mostar comme symbole d'un pays né des cendres de la guerre dans les Balkans
BW,Botswana,Afrique,Afrique australe,"2,6 M",581730,False,True,False,4,Anglais,2,Pula,False,Nord,aride,"bleu,blanc,noir",True,bandes,Christianisme,"L'un des pays les plus stables d'Afrique, où les éléphants sont presque aussi nombreux que les habitants"
BR,Brésil,Amériques,Amérique du Sud,"215,3 M",8515767,True,False,False,10,Portugais,1,Real,False,Nord,tropical,"vert,jaune,bleu",True,"étoiles,globe",Christianisme (catholicisme),"La samba, Copacabana et la plus grande forêt tropicale de la planète"
BN,Brunei,Asie,Asie du Sud-Est,442 K,5765,True,False,False,1,Malais,1,Dollar de Brunei,False,Nord,tropical,"jaune,blanc,noir",True,"armoiries,croissant",Islam,Le sultanat prospère de Bornéo qui offre l'essence gratuite à ses citoyens
BG,Bulgarie,Europe,Europe de l'Est / Europe du Sud,"6,2 M",110879,True,False,False,5,Bulgare,1,Lev,True,Nord,continental,"blanc,vert,rouge",True,aucun,Christianisme (orthodoxe),"Premier producteur mondial de rose à parfum, sur les rives de la mer Noire"
BF,Burkina Faso,Afrique,Afrique de l'Ouest,"22,7 M",274222,False,True,False,6,Français,1,Franc CFA,False,Nord,aride,"rouge,vert,jaune",True,étoile,Islam,La 'Patrie des hommes intègres' — c'est littéralement ce que signifie son nom
BI,Burundi,Afrique,Afrique de l'Est,"12,9 M",27834,False,True,False,3,Kirundi,3+,Franc burundais,False,Nord,tropical,"rouge,blanc,vert",True,étoiles,Christianisme (catholicisme),"Le tambour sacré et le lac Tanganyika, deuxième plus profond au monde, joyaux de l'Afrique des Grands Lacs"
KH,Cambodge,Asie,Asie du Sud-Est,"16,8 M",181035,True,False,False,3,Khmer,1,Riel,False,Nord,tropical,"bleu,rouge",False,temple,Bouddhisme,"Les temples d'Angkor Vat, plus grand complexe religieux jamais construit par l'homme"
CM,Cameroun,Afrique,Afrique centrale / Afrique de l'Ouest,"28,6 M",475442,True,False,False,6,Français,2,Franc CFA,False,Nord,tropical,"vert,rouge,jaune",True,étoile,Multireligion,Souvent appelée 'l'Afrique en miniature' tant sa diversité climatique et culturelle est unique
CA,Canada,Amériques,Amérique du Nord,"38,2 M",9984670,True,False,False,1,Anglais,2,Dollar canadien,False,Nord,continental,"rouge,blanc",False,feuille d'érable,Christianisme,L'immense voisin du Nord avec plus de lacs que tous les autres pays réunis
CV,Cap-Vert,Afrique,Afrique de l'Ouest,556 K,4033,True,False,True,0,Portugais,1,Escudo cap-verdien,False,Nord,aride,"bleu,blanc,rouge,jaune",True,"étoiles,cercle",Christianisme (catholicisme),"Dix îles volcaniques surgies de l'Atlantique, berceau de la mélancolique musique morna"
CF,République centrafricaine,Afrique,Afrique centrale,"5,6 M",622984,False,True,False,6,Français,2,Franc CFA,False,Nord,tropical,"bleu,blanc,vert,jaune,rouge",True,étoile,Multireligion,"Le cœur géographique du continent, riche en diamants bruts mais parmi les pays les moins développés"
TD,Tchad,Afrique,Afrique centrale / Afrique du Nord,"18,3 M",1284000,False,True,False,6,Français,2,Franc CFA,False,Nord,aride,"bleu,jaune,rouge",True,aucun,Multireligion,Un lac qui rétrécit chaque décennie mais qui donne son nom à ce vaste pays du Sahel
CL,Chili,Amériques,Amérique du Sud,"19,6 M",756102,True,False,False,3,Espagnol,1,Peso chilien,False,Nord,tempéré,"rouge,blanc,bleu",True,étoile,Christianisme (catholicisme),Le pays le plus long du monde : 4 300 km du désert d'Atacama aux glaciers de Patagonie
CN,Chine,Asie,Asie de l'Est,1 412 M,9596960,True,False,False,14,Mandarin,1,Yuan,False,Nord,continental,"rouge,jaune",False,étoiles,Multireligion,"La Grande Muraille, les baguettes (à manger!) et 1,4 milliard de raisons de s'y perdre"
CO,Colombie,Amériques,Amérique du Sud,"52,2 M",1141748,True,False,False,5,Espagnol,1,Peso colombien,False,Nord,tropical,"jaune,bleu,rouge",True,aucun,Christianisme (catholicisme),"Le premier producteur mondial de fleurs coupées, coincé entre deux océans"
KM,Comores,Afrique,Afrique de l'Est,888 K,1862,True,False,False,0,Comorien,3+,Franc comorien,False,Nord,tropical,"bleu,vert,blanc,rouge,jaune",True,"croissant,étoiles",Islam,"Premier producteur mondial d'ylang-ylang, les îles de la lune dans l'océan Indien"
CG,Congo,Afrique,Afrique centrale,"5,8 M",342000,True,False,False,4,Français,1,Franc CFA,False,Nord,tropical,"vert,jaune,rouge",True,aucun,Christianisme,"La rive droite du grand fleuve équatorial, souvent confondue avec son grand voisin homonyme"
CD,République démocratique du Congo,Afrique,Afrique centrale,"102,3 M",2344858,False,True,False,9,Français,1,Franc congolais,False,Nord,tropical,"bleu,rouge,jaune",True,étoile,Christianisme,Le plus grand pays francophone du monde et le fleuve le plus profond de la planète
CR,Costa Rica,Amériques,Amérique centrale,"5,2 M",51100,True,False,False,2,Espagnol,1,Colón,False,Nord,tropical,"bleu,blanc,rouge",True,armoiries,Christianisme (catholicisme),"Le pays sans armée depuis 1948, champion mondial de la biodiversité par km²"
HR,Croatie,Europe,Europe du Sud / Europe centrale,"3,9 M",56594,True,False,False,5,Croate,1,Euro,True,Nord,méditerranéen,"rouge,blanc,bleu",True,"armoiries,damier",Christianisme (catholicisme),"La cravate a été inventée ici, et les eaux adriatiques n'ont rien à lui envier"
CU,Cuba,Amériques,Caraïbes,"11,1 M",109884,True,False,False,0,Espagnol,1,Peso cubain,False,Nord,tropical,"bleu,blanc,rouge",True,"étoile,triangle",Multireligion,"L'île des cigares tordus à la main, de la salsa et des vieilles Américaines qui roulent encore"
CY,Chypre,Europe,Europe du Sud,"1,2 M",9251,True,False,True,0,Grec,2,Euro,True,Nord,méditerranéen,"blanc,orange",False,"carte,rameaux",Christianisme (orthodoxe),"L'île d'Aphrodite, troisième plus grande de Méditerranée, coupée en deux depuis 1974"
CZ,Tchéquie,Europe,Europe centrale,"10,9 M",78866,False,True,False,4,Tchèque,1,Couronne tchèque,True,Nord,tempéré,"bleu,blanc,rouge",True,triangle,Multireligion,La capitale dorée et la consommation de bière la plus haute par habitant au monde
DK,Danemark,Europe,Europe du Nord,"5,9 M",43094,True,False,False,1,Danois,1,Couronne danoise,True,Nord,tempéré,"rouge,blanc",False,croix,Christianisme (protestantisme),"Les Vikings reconvertis en experts du design, du hygge et du Lego depuis le XIe siècle"
DJ,Djibouti,Afrique,Afrique de l'Est / Corne de l'Afrique,988 K,23200,True,False,False,3,Français,2,Franc djiboutien,False,Nord,aride,"bleu,vert,blanc,rouge",True,"étoile,triangle",Islam,"Un tout petit pays mais l'un des ports les plus stratégiques au monde, à l'entrée de la mer Rouge"
DM,Dominique,Amériques,Caraïbes,73 K,750,True,False,True,0,Anglais,1,Dollar des Caraïbes orientales,False,Nord,tropical,"vert,jaune,noir,blanc,rouge",True,"perroquet,croix",Christianisme (catholicisme),Ne pas confondre avec sa voisine : c'est l'île Nature aux volcans actifs et aux perroquets rares
DO,République dominicaine,Amériques,Caraïbes,"10,9 M",48671,True,False,False,1,Espagnol,1,Peso dominicain,False,Nord,tropical,"bleu,rouge,blanc",True,"armoiries,croix",Christianisme (catholicisme),"La moitié orientale d'une île partagée avec son voisin, championne de merengue et de baseball"
EC,Équateur,Amériques,Amérique du Sud,"18,0 M",283561,True,False,False,2,Espagnol,1,Dollar américain,False,Nord,tropical,"jaune,bleu,rouge",True,armoiries,Christianisme (catholicisme),"Le vrai chapeau Panama est fabriqué ici, et les Galápagos appartiennent à ce petit pays"
EG,Égypte,Afrique,Afrique du Nord / Asie de l'Ouest,"105,9 M",1002450,True,False,False,4,Arabe,1,Livre égyptienne,False,Nord,aride,"rouge,blanc,noir",True,aigle,Islam,"Les pyramides, le Nil et 5 000 ans de civilisation regardant le désert impassible"
SV,Salvador,Amériques,Amérique centrale,"6,3 M",21041,True,False,False,2,Espagnol,1,Dollar américain,False,Nord,tropical,"bleu,blanc",False,armoiries,Christianisme,"Le plus petit et le plus dense des pays d'Amérique centrale, sans lac naturel"
GQ,Guinée équatoriale,Afrique,Afrique centrale,"1,5 M",28051,True,False,False,2,Espagnol,3+,Franc CFA,False,Nord,tropical,"vert,blanc,rouge,bleu",True,"arbre,armoiries",Christianisme (catholicisme),"Le seul pays hispanophone d'Afrique noire, à cheval sur le continent et des îles du golfe"
ER,Érythrée,Afrique,Afrique de l'Est / Corne de l'Afrique,"3,6 M",117600,True,False,False,3,Tigrigna,3+,Nakfa,False,Nord,aride,"vert,rouge,bleu,jaune",True,branche d'olivier,Multireligion,"L'une des nations les plus récentes d'Afrique, dont le nom vient de la mer qui la borde"
EE,Estonie,Europe,Europe du Nord,"1,3 M",45228,True,False,False,2,Estonien,1,Euro,True,Nord,tempéré,"bleu,noir,blanc",True,aucun,Multireligion,Premier pays au monde à avoir organisé des élections nationales sur Internet en 2005
SZ,Eswatini,Afrique,Afrique australe,"1,2 M",17364,False,True,False,2,Swati,2,Lilangeni,False,Nord,montagnard,"bleu,jaune,rouge",True,"bouclier,lance",Christianisme,"Le dernier royaume absolu d'Afrique, entouré uniquement par deux pays voisins"
ET,Éthiopie,Afrique,Afrique de l'Est / Corne de l'Afrique,"126,5 M",1104300,True,False,False,6,Amharique,1,Birr,False,Nord,tropical,"vert,jaune,rouge,bleu",True,"étoile,cercle",Multireligion,"Le berceau de l'humanité, du café et des meilleurs coureurs de fond de la planète"
FJ,Fidji,Océanie,Océanie,930 K,18272,True,False,True,0,Anglais,3+,Dollar fidjien,False,Sud,tropical,"bleu,blanc",False,"Union Jack,armoiries",Christianisme,"Un archipel de 330 îles, un sourire légendaire et une cérémonie du kava incontournable"
FI,Finlande,Europe,Europe du Nord,"5,5 M",338424,True,False,False,3,Finnois,2,Euro,True,Nord,continental,"bleu,blanc",False,croix,Christianisme (protestantisme),"Championne mondiale du bonheur et de l'éducation, avec un sauna pour deux habitants"
FR,France,Europe,Europe de l'Ouest,"68,1 M",551695,True,False,False,8,Français,1,Euro,True,Nord,tempéré,"bleu,blanc,rouge",True,aucun,Christianisme (catholicisme),"Le pays de la baguette, des bérets et de la Tour Eiffel bien sûr !"
GA,Gabon,Afrique,Afrique centrale,"2,3 M",267668,True,False,False,3,Français,1,Franc CFA,False,Nord,tropical,"vert,jaune,bleu",True,aucun,Christianisme (catholicisme),Pionnier de la conservation en Afrique : 88% du territoire couvert de forêt équatoriale
GM,Gambie,Afrique,Afrique de l'Ouest,"2,6 M",11295,True,False,False,1,Anglais,1,Dalasi,False,Nord,tropical,"rouge,bleu,vert,blanc",True,aucun,Islam,"Si étroit que l'on peut le traverser en voiture en deux heures, entouré par un seul voisin"
GE,Géorgie,Europe,Asie de l'Ouest / Caucase,"3,7 M",69700,True,False,False,4,Géorgien,1,Lari,False,Nord,continental,"blanc,rouge",False,croix,Christianisme (orthodoxe),"Le pays où l'on a fabriqué du vin dans des amphores il y a 8 000 ans, selon l'archéologie"
DE,Allemagne,Europe,Europe de l'Ouest,"84,1 M",357114,True,False,False,9,Allemand,1,Euro,True,Nord,tempéré,"noir,rouge,jaune",True,aucun,Christianisme,"La première économie d'Europe, entre Oktoberfest, autobahn sans limite et génie de l'ingénierie"
GH,Ghana,Afrique,Afrique de l'Ouest,"33,5 M",238533,True,False,False,3,Anglais,1,Cedi,False,Nord,tropical,"rouge,or,vert",True,étoile,Multireligion,"Le premier pays d'Afrique subsaharienne à avoir obtenu son indépendance, en 1957"
GR,Grèce,Europe,Europe du Sud / Europe de l'Est,"10,4 M",131957,True,False,False,4,Grec,1,Euro,True,Nord,méditerranéen,"bleu,blanc",False,"croix,rayures",Christianisme (orthodoxe),"Le berceau de la démocratie, des Jeux olympiques et de la philosophie occidentale"
GD,Grenade,Amériques,Caraïbes,125 K,344,True,False,True,0,Anglais,1,Dollar des Caraïbes orientales,False,Nord,tropical,"rouge,jaune,vert",True,"étoiles,muscade",Christianisme (catholicisme),"L'île aux épices, deuxième producteur mondial de muscade après l'Indonésie"
GT,Guatemala,Amériques,Amérique centrale,"17,8 M",108889,True,False,False,4,Espagnol,1,Quetzal,False,Nord,tropical,"bleu,blanc",False,"armoiries,oiseau",Christianisme,"Le cœur du monde maya, avec un lac volcanique considéré comme le plus beau des Amériques"
GN,Guinée,Afrique,Afrique de l'Ouest,"13,9 M",245857,True,False,False,6,Français,1,Franc guinéen,False,Nord,tropical,"rouge,jaune,vert",True,aucun,Islam,"Le 'château d'eau' de l'Afrique de l'Ouest, avec les plus grandes réserves mondiales de bauxite"
GW,Guinée-Bissau,Afrique,Afrique de l'Ouest,"2,1 M",36125,True,False,False,2,Portugais,1,Franc CFA,False,Nord,tropical,"rouge,jaune,vert,noir",True,étoile,Islam,"L'archipel des Bijagós, classé réserve de biosphère UNESCO et presque inconnu des touristes"
GY,Guyana,Amériques,Amérique du Sud,800 K,214969,True,False,False,3,Anglais,1,Dollar guyanais,False,Nord,tropical,"vert,blanc,jaune,rouge,noir",True,"triangle,flèche",Multireligion,"Le seul pays anglophone d'Amérique du Sud, avec les chutes Kaieteur parmi les plus puissantes"
HT,Haïti,Amériques,Caraïbes,"11,7 M",27750,True,False,False,1,Français,2,Gourde,False,Nord,tropical,"bleu,rouge",False,armoiries,Christianisme,"La première République noire de l'histoire, née d'une révolte d'esclaves victorieuse en 1804"
HN,Honduras,Amériques,Amérique centrale,"10,3 M",112492,True,False,False,3,Espagnol,1,Lempira,False,Nord,tropical,"bleu,blanc",False,étoiles,Christianisme (catholicisme),Les ruines mayas de Copán et les récifs coralliens de la deuxième barrière mondiale
HU,Hongrie,Europe,Europe centrale,"9,7 M",93028,False,True,False,7,Hongrois,1,Forint,True,Nord,continental,"rouge,blanc,vert",True,aucun,Christianisme (catholicisme),"Sa langue est agglutinante et l'une des plus difficiles d'Europe, et sa capitale possède les plus beaux bains thermaux"
IS,Islande,Europe,Europe du Nord,376 K,103000,True,False,True,0,Islandais,1,Couronne islandaise,False,Nord,polaire,"bleu,blanc,rouge",True,croix,Christianisme (protestantisme),"La terre qui n'a ni armée, ni moustique, ni reptile sauvage, mais des aurores boréales à foison"
IN,Inde,Asie,Asie du Sud,1 438 M,3287263,True,False,False,6,Hindi,2,Roupie indienne,False,Nord,tropical,"orange,blanc,vert,bleu",True,roue,Hindouisme,"1,4 milliard d'habitants, 22 langues officielles et les meilleurs currys de la planète"
ID,Indonésie,Asie,Asie du Sud-Est,"275,5 M",1904569,True,False,True,3,Indonésien,1,Roupiah,False,Nord,tropical,"rouge,blanc",False,aucun,Islam,Le plus grand archipel du monde : 17 000 îles et la quatrième population mondiale
IR,Iran,Asie,Asie de l'Ouest,"87,9 M",1648195,True,False,False,7,Persan,1,Rial,False,Nord,aride,"vert,blanc,rouge",True,"emblème,écriture",Islam,"L'ancienne Perse, berceau des tapis noués à la main et de la poésie de Rumi"
IQ,Irak,Asie,Asie de l'Ouest,"42,2 M",438317,True,False,False,6,Arabe,2,Dinar irakien,False,Nord,aride,"rouge,blanc,noir,vert",True,écriture,Islam,"Entre deux fleuves légendaires, là où l'écriture et les premières villes sont nées"
IE,Irlande,Europe,Europe de l'Ouest,"5,1 M",70273,True,False,True,1,Anglais,2,Euro,True,Nord,tempéré,"vert,blanc,orange",True,aucun,Christianisme (catholicisme),L'île Émeraude aux pubs chaleureux et aux falaises vertigineuses de Moher
IL,Israël,Asie,Asie de l'Ouest,"9,7 M",22072,True,False,False,5,Hébreu,2,Shekel,False,Nord,méditerranéen,"bleu,blanc",False,étoile de David,Judaïsme,"La Terre Sainte, berceau des trois religions monothéistes, sur 22 000 km² seulement"
IT,Italie,Europe,Europe du Sud,"58,9 M",301340,True,False,False,6,Italien,1,Euro,True,Nord,méditerranéen,"vert,blanc,rouge",True,aucun,Christianisme (catholicisme),"Pizza, pasta, Colisée et dolce vita : la botte la plus savoureuse du monde !"
JM,Jamaïque,Amériques,Caraïbes,"2,8 M",10991,True,False,True,0,Anglais,1,Dollar jamaïcain,False,Nord,tropical,"noir,vert,jaune",True,"croix,étoile",Christianisme,"L'île natale du reggae, de Bob Marley et des sprinters les plus rapides de la planète"
JP,Japon,Asie,Asie de l'Est,"124,5 M",377975,True,False,True,0,Japonais,1,Yen,False,Nord,tempéré,"blanc,rouge",False,disque solaire,Multireligion,"Le soleil levant, les sakuras et les distributeurs automatiques à tous les coins de rue"
JO,Jordanie,Asie,Asie de l'Ouest,"10,2 M",89342,True,False,False,5,Arabe,1,Dinar jordanien,False,Nord,aride,"noir,blanc,vert,rouge",True,"étoile,triangle",Islam,"La cité rose taillée dans la roche, la mer la plus salée du monde et le site du baptême de Jésus"
KZ,Kazakhstan,Asie,Asie centrale / Europe de l'Est,"19,3 M",2724900,False,True,False,5,Kazakh,2,Tenge,False,Nord,continental,"bleu,jaune",False,"soleil,aigle",Islam,"Le deuxième plus grand pays d'Asie centrale, dont Borat a légèrement abîmé la réputation"
KE,Kenya,Afrique,Afrique de l'Est,"56,4 M",580367,True,False,False,5,Swahili,2,Shilling kényan,False,Nord,tropical,"noir,vert,rouge,blanc",True,"bouclier,lance",Christianisme,"La Vallée du Rift, les marathoniens champions du monde et la plus grande migration animale"
KI,Kiribati,Océanie,Océanie,122 K,811,True,False,True,0,Anglais,2,Dollar australien,False,Nord,tropical,"rouge,bleu,jaune",True,"soleil,oiseau,vagues",Christianisme (catholicisme),L'archipel qui sera le premier à disparaître sous les eaux à cause du réchauffement climatique
KP,Corée du Nord,Asie,Asie de l'Est,"25,9 M",120538,True,False,False,3,Coréen,1,Won nord-coréen,False,Nord,continental,"bleu,rouge,blanc",True,étoile,Multireligion,"Le pays le plus isolé du monde, dont on ne voit aucune lumière la nuit vue de l'espace"
KR,Corée du Sud,Asie,Asie de l'Est,"51,7 M",100210,True,False,False,1,Coréen,1,Won sud-coréen,False,Nord,continental,"blanc,rouge,bleu,noir",True,"symboles,yin-yang",Multireligion,"K-pop, kimchi, smartphones et manhwa au pays qui s'éveille avec le soleil levant"
KW,Koweït,Asie,Asie de l'Ouest,"4,3 M",17818,True,False,False,2,Arabe,1,Dinar koweïtien,False,Nord,aride,"vert,blanc,rouge,noir",True,trapèze,Islam,La cité-État pétrolière dont les citoyens ne paient ni impôts ni factures d'électricité
KG,Kirghizistan,Asie,Asie centrale,"7,0 M",199951,False,True,False,4,Kirghiz,2,Som,False,Nord,continental,"rouge,jaune",False,"soleil,toundouk",Islam,"Les yourtes nomades et le lac Issyk-Koul, deuxième plus grand lac de montagne du monde"
LA,Laos,Asie,Asie du Sud-Est,"7,5 M",236800,False,True,False,5,Laotien,1,Kip,False,Nord,tropical,"rouge,bleu,blanc",True,disque,Bouddhisme,"Le pays le plus bombardé per capita de l'histoire, reconverti en joyau bouddhiste du Mékong"
LV,Lettonie,Europe,Europe du Nord,"1,8 M",64589,True,False,False,4,Letton,1,Euro,True,Nord,tempéré,"rouge,blanc",False,aucun,Christianisme (protestantisme),"Le pays de l'ambre, des forêts de bouleaux et du chant choral inscrit au patrimoine de l'UNESCO"
LB,Liban,Asie,Asie de l'Ouest,"5,4 M",10452,True,False,False,2,Arabe,1,Livre libanaise,False,Nord,méditerranéen,"rouge,blanc,vert",True,cèdre,Multireligion,"La Suisse du Moyen-Orient : montagne, mer, gastronomie et mosaïque de religions"
LS,Lesotho,Afrique,Afrique australe,"2,3 M",30355,False,True,False,1,Sotho,2,Loti,False,Nord,montagnard,"bleu,blanc,vert,noir",True,"chapeau,bouclier",Christianisme,L'un des trois seuls pays au monde entièrement enclavés dans un unique autre pays
LR,Liberia,Afrique,Afrique de l'Ouest,"5,4 M",111369,True,False,False,3,Anglais,1,Dollar libérien,False,Nord,tropical,"rouge,blanc,bleu",True,"étoile,rayures",Christianisme,"La première République d'Afrique, fondée en 1847 par des anciens esclaves affranchis américains"
LY,Libye,Afrique,Afrique du Nord,"7,1 M",1759541,True,False,False,6,Arabe,1,Dinar libyen,False,Nord,aride,"rouge,noir,vert,blanc",True,"croissant,étoile",Islam,"Le plus grand pays d'Afrique du Nord, avec des ruines romaines cachées dans le désert"
LI,Liechtenstein,Europe,Europe centrale,38 K,160,False,True,False,2,Allemand,1,Franc suisse,False,Nord,montagnard,"bleu,rouge,jaune",True,couronne,Christianisme (catholicisme),L'un des deux pays enclavés dans deux autres pays sans aucun accès à la mer — et sans armée depuis 1868
LT,Lituanie,Europe,Europe du Nord,"2,8 M",65300,True,False,False,4,Lituanien,1,Euro,True,Nord,tempéré,"jaune,vert,rouge",True,aucun,Christianisme (catholicisme),"La dernière nation d'Europe à se convertir au christianisme, gardienne de l'ambre balte"
LU,Luxembourg,Europe,Europe de l'Ouest,660 K,2586,False,True,False,3,Luxembourgeois,3+,Euro,True,Nord,tempéré,"rouge,blanc,bleu",True,aucun,Christianisme (catholicisme),"Le pays au PIB par habitant le plus élevé d'Europe, grand comme un département français"
MG,Madagascar,Afrique,Afrique de l'Est,"28,9 M",587041,True,False,True,0,Malgache,2,Ariary,False,Nord,tropical,"rouge,vert,blanc",True,aucun,Multireligion,"La quatrième plus grande île du monde, coupée du reste depuis 88 millions d'années"
MW,Malawi,Afrique,Afrique de l'Est,"20,4 M",118484,False,True,False,3,Chichewa,3+,Kwacha,False,Nord,tropical,"noir,rouge,vert,soleil",True,soleil,Christianisme,Le lac qui porte son nom abrite plus d'espèces de poissons que tout autre lac de la planète
MY,Malaisie,Asie,Asie du Sud-Est,"33,6 M",329847,True,False,False,3,Malais,1,Ringgit,False,Nord,tropical,"rouge,blanc,bleu,jaune",True,"croissant,étoile,rayures",Islam,Les tours jumelles les plus célèbres d'Asie et la jungle partagée avec deux pays voisins
MV,Maldives,Asie,Asie du Sud,521 K,298,True,False,True,0,Maldivien,1,Rufiyaa,False,Nord,tropical,"rouge,vert,blanc",True,croissant,Islam,"L'archipel le plus plat du monde, avec une altitude maximale de 2,4 mètres au-dessus de la mer"
ML,Mali,Afrique,Afrique de l'Ouest,"22,4 M",1240192,False,True,False,7,Français,1,Franc CFA,False,Nord,aride,"vert,jaune,rouge",True,aucun,Islam,Une ville du désert fut capitale mondiale du savoir islamique au XVe siècle
MT,Malte,Europe,Europe du Sud,535 K,316,True,False,True,0,Maltais,2,Euro,True,Nord,méditerranéen,"blanc,rouge",False,croix,Christianisme (catholicisme),La plus petite île de l'Union européenne abrite les plus vieux temples encore debout du monde
MH,Îles Marshall,Océanie,Océanie,42 K,181,True,False,True,0,Marshallais,2,Dollar américain,False,Nord,tropical,"bleu,orange,blanc",True,"étoile,rayures",Christianisme,L'archipel du Pacifique où les États-Unis ont fait exploser 67 bombes nucléaires au XXe siècle
MR,Mauritanie,Afrique,Afrique de l'Ouest / Afrique du Nord,"4,7 M",1030700,True,False,False,4,Arabe,1,Ouguiya,False,Nord,aride,"vert,or,rouge",True,"croissant,étoile",Islam,"Le pays où l'esclavage n'a été criminalisé qu'en 2007, entre Sahara et côte Atlantique"
MU,Maurice,Afrique,Afrique de l'Est,"1,3 M",2040,True,False,True,0,Anglais,3+,Roupie mauricienne,False,Nord,tropical,"rouge,bleu,jaune,vert",True,bandes,Multireligion,"L'île où le dodo a vécu et disparu, et où quatre cultures se mélangent en harmonie"
MX,Mexique,Amériques,Amérique du Nord / Amérique centrale,"127,5 M",1964375,True,False,False,3,Espagnol,1,Peso mexicain,False,Nord,aride,"vert,blanc,rouge",True,"armoiries,aigle",Christianisme (catholicisme),"Le pays de l'avocat, de la tequila, des pyramides aztèques et du piment en toute chose"
FM,Micronésie,Océanie,Océanie,115 K,702,True,False,True,0,Anglais,1,Dollar américain,False,Nord,tropical,"bleu,blanc",False,étoiles,Christianisme,"La fédération de 600 îles oubliées dans le Pacifique, ancienne tutelle américaine jusqu'en 1986"
MD,Moldavie,Europe,Europe de l'Est,"2,6 M",33846,False,True,False,2,Roumain,1,Leu moldave,False,Nord,continental,"bleu,jaune,rouge",True,"armoiries,aigle",Christianisme (orthodoxe),"Le plus grand pays viticole per capita au monde, coincé entre ses deux grands voisins"
MC,Monaco,Europe,Europe du Sud,36 K,2,True,False,False,1,Français,1,Euro,False,Nord,méditerranéen,"rouge,blanc",False,aucun,Christianisme (catholicisme),"Le pays le plus densément peuplé du monde, plus petit qu'un arrondissement de Paris"
MN,Mongolie,Asie,Asie centrale / Asie de l'Est,"3,4 M",1564116,False,True,False,2,Mongol,1,Tögrög,False,Nord,continental,"rouge,bleu,jaune",True,soyombo,Bouddhisme,"L'empire le plus grand de l'histoire continentale, aujourd'hui le pays le moins dense du monde"
ME,Monténégro,Europe,Europe du Sud / Europe de l'Est,620 K,13812,True,False,False,5,Monténégrin,1,Euro,False,Nord,méditerranéen,"rouge,or",False,"armoiries,aigle",Christianisme (orthodoxe),Le petit pays balkanique dont le nom se traduit par 'montagne noire' en latin
MA,Maroc,Afrique,Afrique du Nord,"37,5 M",446550,True,False,False,3,Arabe,2,Dirham marocain,False,Nord,méditerranéen,"rouge,vert",False,étoile,Islam,"La porte de l'Afrique entre Atlantique et Méditerranée, au bout de l'Europe à 14 km"
MZ,Mozambique,Afrique,Afrique australe,"32,8 M",801590,True,False,False,6,Portugais,1,Metical,False,Nord,tropical,"vert,blanc,noir,jaune,rouge",True,"étoile,livre,kalach",Multireligion,La côte swahili aux boutres millénaires voguant sur l'océan Indien
MM,Myanmar,Asie,Asie du Sud-Est,"54,4 M",676578,True,False,False,5,Birman,1,Kyat,False,Nord,tropical,"jaune,vert,rouge,blanc",True,étoile,Bouddhisme,Le pays aux 2 500 pagodes de Bagan et à la jupe-pantalon portée indifféremment par tous
NA,Namibie,Afrique,Afrique australe,"2,6 M",824292,True,False,False,4,Anglais,1,Dollar namibien,False,Nord,aride,"bleu,rouge,vert,blanc,jaune",True,soleil,Christianisme,"Le désert côtier le plus vieux du monde, avec les dunes rouges les plus hautes d'Afrique"
NR,Nauru,Océanie,Océanie,10 K,21,True,False,True,0,Nauruan,2,Dollar australien,False,Nord,tropical,"bleu,jaune,blanc",True,étoile,Christianisme,La plus petite île-État du monde après les îles du Pacifique — et l'un des pays les plus obèses
NP,Népal,Asie,Asie du Sud,"30,0 M",147181,False,True,False,2,Népalais,1,Roupie népalaise,False,Nord,montagnard,"rouge,bleu,blanc",True,"lune,soleil",Hindouisme,Le toit du monde : 8 des 10 plus hautes montagnes de la planète sont ici
NL,Pays-Bas,Europe,Europe de l'Ouest,"17,9 M",41543,True,False,False,3,Néerlandais,1,Euro,True,Nord,tempéré,"rouge,blanc,bleu",True,aucun,Multireligion,"Le pays le plus bas du monde, dont un tiers du territoire est sous le niveau de la mer"
NZ,Nouvelle-Zélande,Océanie,Océanie,"5,1 M",270467,True,False,True,0,Anglais,3+,Dollar néo-zélandais,False,Sud,tempéré,"bleu,rouge,blanc",True,"Union Jack,étoiles",Christianisme,"La Terre du Long Nuage Blanc, des All Blacks, des kiwis et des tournages de Tolkien"
NI,Nicaragua,Amériques,Amérique centrale,"6,7 M",130373,True,False,False,2,Espagnol,1,Córdoba,False,Nord,tropical,"bleu,blanc",False,armoiries,Christianisme (catholicisme),"Le plus grand pays d'Amérique centrale par superficie, entre lacs et volcans en activité"
NE,Niger,Afrique,Afrique de l'Ouest,"26,2 M",1267000,False,True,False,7,Français,1,Franc CFA,False,Nord,aride,"orange,blanc,vert,orange",True,disque,Islam,Le pays le plus chaud du monde selon l'ONU et le taux de fécondité le plus élevé de la planète
NG,Nigeria,Afrique,Afrique de l'Ouest,"224,0 M",923768,True,False,False,4,Anglais,1,Naira,False,Nord,tropical,"vert,blanc",False,aucun,Multireligion,La plus grande économie d'Afrique et le pays le plus peuplé du continent
MK,Macédoine du Nord,Europe,Europe du Sud / Europe de l'Est,"2,1 M",25713,False,True,False,5,Macédonien,1,Denar,False,Nord,continental,"rouge,jaune",False,soleil,Multireligion,Le pays balkanique dont le nom a fait l'objet d'un long différend diplomatique de 27 ans avec son voisin du Sud
NO,Norvège,Europe,Europe du Nord,"5,4 M",385207,True,False,False,3,Norvégien,2,Couronne norvégienne,False,Nord,polaire,"rouge,blanc,bleu",True,croix,Christianisme (protestantisme),"Les fjords, le saumon et le fonds souverain le plus riche du monde grâce au pétrole"
OM,Oman,Asie,Asie de l'Ouest,"4,5 M",309500,True,False,False,3,Arabe,1,Rial omanais,False,Nord,aride,"rouge,blanc,vert",True,"emblème,khanjar",Islam,"Le pays de l'encens depuis l'Antiquité, avec des forts médiévaux à perte de vue"
PK,Pakistan,Asie,Asie du Sud / Asie centrale,"231,4 M",881913,True,False,False,4,Ourdou,2,Roupie pakistanaise,False,Nord,aride,"vert,blanc",False,"croissant,étoile",Islam,"Abrite le K2, deuxième plus haute montagne du monde, et cinq chaînes de montagnes majeures"
PW,Palaos,Océanie,Océanie,18 K,459,True,False,True,0,Palauan,2,Dollar américain,False,Nord,tropical,"bleu,jaune",False,disque,Christianisme,Le seul lac de méduses inoffensives au monde — un endroit où on peut nager avec des milliers de méduses
PA,Panama,Amériques,Amérique centrale,"4,4 M",75417,True,False,False,2,Espagnol,1,Balboa,False,Nord,tropical,"rouge,bleu,blanc",True,étoiles,Christianisme (catholicisme),Le canal qui a changé le commerce mondial en 1914 et le chapeau vendu par son voisin
PG,Papouasie-Nouvelle-Guinée,Océanie,Océanie,"10,3 M",462840,True,False,True,1,Anglais,3+,Kina,False,Nord,tropical,"rouge,noir,jaune",True,"oiseau du paradis,étoiles",Christianisme,La plus grande diversité linguistique au monde : 800 langues pour 10 millions d'habitants
PY,Paraguay,Amériques,Amérique du Sud,"7,4 M",406752,False,True,False,3,Espagnol,2,Guaraní,False,Nord,tropical,"rouge,blanc,bleu",True,"armoiries,étoile",Christianisme (catholicisme),"L'un des deux seuls pays enclavés d'Amérique du Sud, avec l'harpe comme instrument national"
PE,Pérou,Amériques,Amérique du Sud,"33,4 M",1285216,True,False,False,5,Espagnol,1,Sol,False,Nord,aride,"rouge,blanc",False,armoiries,Christianisme (catholicisme),La cité inca perdue à 2 430 mètres d'altitude et le ceviche classé patrimoine culturel immatériel
PH,Philippines,Asie,Asie du Sud-Est,"114,2 M",300000,True,False,True,0,Filipino,2,Peso philippin,False,Nord,tropical,"bleu,rouge,blanc,jaune",True,"soleil,étoiles,triangle",Christianisme (catholicisme),7 641 îles — le deuxième plus grand archipel au monde après son grand voisin insulaire
PL,Pologne,Europe,Europe centrale,"37,7 M",312696,True,False,False,7,Polonais,1,Zloty,True,Nord,continental,"blanc,rouge",False,aucun,Christianisme (catholicisme),"Le pays qui a donné Chopin, Copernic, Marie Curie et les pierogis au monde entier"
PT,Portugal,Europe,Europe du Sud,"10,3 M",92212,True,False,False,1,Portugais,1,Euro,True,Nord,méditerranéen,"vert,rouge,jaune,bleu,blanc",True,"armoiries,sphère",Christianisme (catholicisme),Le pays qui a cartographié 60% du globe et inventé le commerce maritime mondial au XVe siècle
QA,Qatar,Asie,Asie de l'Ouest,"2,9 M",11586,True,False,False,1,Arabe,1,Riyal qatarien,False,Nord,aride,"bordeaux,blanc",False,dentelé,Islam,La péninsule du Golfe qui a accueilli la première Coupe du Monde en territoire arabe
RO,Roumanie,Europe,Europe de l'Est / Europe du Sud,"19,0 M",238397,True,False,False,5,Roumain,1,Leu,True,Nord,continental,"bleu,jaune,rouge",True,aucun,Christianisme (orthodoxe),"Le pays de Vlad l'Empaleur, des Carpates et des monastères aux fresques extérieures peintes"
RU,Russie,Europe,Europe de l'Est / Asie du Nord,"144,4 M",17098242,True,False,False,14,Russe,1,Rouble,False,Nord,continental,"blanc,bleu,rouge",True,aucun,Christianisme (orthodoxe),"Le plus grand pays du monde : onze fuseaux horaires, deux continents, un seul drapeau"
RW,Rwanda,Afrique,Afrique de l'Est,"14,3 M",26338,False,True,False,4,Kinyarwanda,3+,Franc rwandais,False,Nord,tropical,"bleu,jaune,vert",True,soleil,Christianisme (catholicisme),Le pays des mille collines qui a réalisé la reconstruction nationale la plus rapide d'Afrique
KN,Saint-Christophe-et-Niévès,Amériques,Caraïbes,47 K,261,True,False,True,0,Anglais,1,Dollar des Caraïbes orientales,False,Nord,tropical,"vert,rouge,noir,jaune,blanc",True,"étoiles,bande",Christianisme,"Le plus petit État souverain des Amériques, formé de deux îles volcaniques des Petites Antilles"
LC,Sainte-Lucie,Amériques,Caraïbes,179 K,616,True,False,True,0,Anglais,1,Dollar des Caraïbes orientales,False,Nord,tropical,"bleu,jaune,noir,blanc",True,triangle,Christianisme (catholicisme),L'île aux deux pitons volcaniques jumeaux inscrits au patrimoine mondial de l'UNESCO
VC,Saint-Vincent-et-les-Grenadines,Amériques,Caraïbes,110 K,389,True,False,True,0,Anglais,1,Dollar des Caraïbes orientales,False,Nord,tropical,"bleu,vert,jaune",True,losanges,Christianisme,L'île des Caraïbes où ont été tournées les scènes des célèbres Pirates des Caraïbes
WS,Samoa,Océanie,Océanie,222 K,2842,True,False,True,0,Samoan,2,Tala,False,Sud,tropical,"rouge,bleu,blanc",True,"étoiles,croix du Sud",Christianisme,La nation polynésienne qui a décidé de sauter un jour du calendrier en 2011 pour se rapprocher de l'Australie
SM,Saint-Marin,Europe,Europe du Sud,34 K,61,True,False,False,1,Italien,1,Euro,False,Nord,méditerranéen,"bleu,blanc",False,armoiries,Christianisme (catholicisme),"La plus vieille République du monde, fondée en 301, entièrement enclavée dans un seul pays voisin"
ST,Sao Tomé-et-Principe,Afrique,Afrique centrale,223 K,964,True,False,True,0,Portugais,1,Dobra,False,Nord,tropical,"vert,jaune,rouge,noir",True,"étoiles,triangle",Christianisme (catholicisme),Deux petites îles cacaoyères à cheval sur l'équateur dans le golfe de Guinée
SA,Arabie saoudite,Asie,Asie de l'Ouest,"35,9 M",2149690,True,False,False,7,Arabe,1,Riyal saoudien,False,Nord,aride,"vert,blanc",False,"épée,écriture",Islam,"Gardien des deux lieux les plus saints de l'Islam, au-dessus d'un sixième des réserves mondiales de pétrole"
SN,Sénégal,Afrique,Afrique de l'Ouest,"17,8 M",196722,True,False,False,5,Français,1,Franc CFA,False,Nord,aride,"vert,jaune,rouge",True,étoile,Islam,"La Téranga — l'hospitalité en wolof — est une valeur nationale, et la lutte est le sport roi"
RS,Serbie,Europe,Europe du Sud / Europe de l'Est,"6,7 M",77474,True,False,False,8,Serbe,1,Dinar serbe,False,Nord,continental,"rouge,bleu,blanc",True,"armoiries,aigle",Christianisme (orthodoxe),"La capitale qui ne dort jamais, carrefour des Balkans où se sont entremêlés Orient et Occident"
SC,Seychelles,Afrique,Afrique de l'Est,98 K,451,True,False,True,0,Anglais,3+,Roupie seychelloise,False,Nord,tropical,"bleu,jaune,rouge,blanc,vert",True,rayons,Christianisme (catholicisme),Les seules îles granitiques tropicales au monde et la tortue géante d'Aldabra
SL,Sierra Leone,Afrique,Afrique de l'Ouest,"8,4 M",71740,True,False,False,2,Anglais,1,Leone,False,Nord,tropical,"vert,blanc,bleu",True,aucun,Islam,Le nom de ce pays évoque un animal féroce — ses côtes cachent des diamants et des plages
SG,Singapour,Asie,Asie du Sud-Est,"5,9 M",728,True,False,True,1,Anglais,4,Dollar de Singapour,False,Nord,tropical,"rouge,blanc",False,"croissant,étoiles",Multireligion,"La cité-État la plus riche d'Asie du Sud-Est, où mâcher un chewing-gum était interdit jusqu'en 2004"
SK,Slovaquie,Europe,Europe centrale,"5,5 M",49035,False,True,False,5,Slovaque,1,Euro,True,Nord,continental,"blanc,bleu,rouge",True,"croix,armoiries",Christianisme (catholicisme),"Le pays aux mille châteaux médiévaux et aux Tatras, jadis uni à son voisin de l'ouest"
SI,Slovénie,Europe,Europe centrale / Europe du Sud,"2,1 M",20273,True,False,False,4,Slovène,1,Euro,True,Nord,tempéré,"bleu,blanc,rouge",True,"armoiries,étoiles,montagne",Christianisme (catholicisme),Le pays alpin dont le lac se contemple depuis un château perché sur un rocher
SB,Îles Salomon,Océanie,Océanie,720 K,28896,True,False,True,0,Anglais,1,Dollar des Îles Salomon,False,Nord,tropical,"bleu,vert,jaune,blanc",True,"étoiles,bande",Christianisme,L'archipel mélanésien où eurent lieu les plus violentes batailles navales du Pacifique en 1942-43
SO,Somalie,Afrique,Afrique de l'Est / Corne de l'Afrique,"18,1 M",637657,True,False,False,3,Somali,2,Shilling somalien,False,Nord,aride,"bleu,blanc",False,étoile,Islam,"La Corne de l'Afrique, avec le plus long littoral du continent : 3 333 km de côtes"
ZA,Afrique du Sud,Afrique,Afrique australe,"59,9 M",1219090,True,False,False,6,Zoulou,3+,Rand,False,Nord,tempéré,"noir,vert,or,rouge,bleu,blanc",True,"Y,bandes",Christianisme,"La nation arc-en-ciel avec trois capitales, onze langues officielles et des pinguoins sur ses plages"
SS,Soudan du Sud,Afrique,Afrique de l'Est / Afrique centrale,"11,1 M",644329,False,True,False,6,Anglais,1,Livre du Soudan du Sud,False,Nord,tropical,"noir,rouge,vert,bleu,jaune,blanc",True,"étoile,triangle",Multireligion,"Le pays le plus jeune du monde, indépendant depuis le 9 juillet 2011 seulement"
ES,Espagne,Europe,Europe du Sud,"47,4 M",505990,True,False,False,5,Espagnol,1,Euro,True,Nord,méditerranéen,"rouge,jaune",False,armoiries,Christianisme (catholicisme),"Flamenco, paella, tapas et sieste : la péninsule ibérique qui vit à l'heure de la fiesta !"
LK,Sri Lanka,Asie,Asie du Sud,"22,2 M",65610,True,False,False,0,Cingalais,3+,Roupie sri-lankaise,False,Nord,tropical,"or,bordeaux,vert,orange",True,"lion,feuilles",Bouddhisme,"La larme de l'Inde : île du thé, de la cannelle et des éléphants sacrés"
SD,Soudan,Afrique,Afrique du Nord / Afrique de l'Est,"46,8 M",1861484,True,False,False,7,Arabe,2,Livre soudanaise,False,Nord,aride,"rouge,blanc,noir,vert",True,triangle,Islam,Possède plus de pyramides que l'Égypte — les pyramides nubiennes de Méroé sont presque inconnues
SR,Suriname,Amériques,Amérique du Sud,618 K,163820,True,False,False,3,Néerlandais,1,Dollar surinamais,False,Nord,tropical,"vert,blanc,rouge,jaune",True,étoile,Multireligion,Le seul pays d'Amérique du Sud où le néerlandais est la langue officielle
SE,Suède,Europe,Europe du Nord,"10,5 M",450295,True,False,False,2,Suédois,1,Couronne suédoise,True,Nord,tempéré,"bleu,jaune",False,croix,Christianisme (protestantisme),"IKEA, ABBA, les prix Nobel et le droit de traverser librement les forêts privées"
CH,Suisse,Europe,Europe centrale,"8,7 M",41285,False,True,False,5,Allemand,4,Franc suisse,False,Nord,montagnard,"rouge,blanc",False,croix,Christianisme,"Le pays officiellement neutre depuis plus de 500 ans, entre montres, chocolat et fondue"
SY,Syrie,Asie,Asie de l'Ouest,"21,3 M",185180,True,False,False,5,Arabe,1,Livre syrienne,False,Nord,méditerranéen,"rouge,blanc,noir,vert",True,étoiles,Islam,L'une des plus vieilles civilisations du monde et probablement berceau de l'écriture alphabétique
TJ,Tadjikistan,Asie,Asie centrale,"10,2 M",143100,False,True,False,4,Tadjik,1,Somoni,False,Nord,continental,"rouge,blanc,vert,or",True,"couronne,étoiles",Islam,90% du territoire est montagneux — le Pamir est ici le 'toit du monde' de la Route de la Soie
TZ,Tanzanie,Afrique,Afrique de l'Est,"63,7 M",945087,True,False,False,8,Swahili,2,Shilling tanzanien,False,Nord,tropical,"vert,jaune,noir,bleu",True,bande diagonale,Multireligion,"Le toit de l'Afrique, une île aux épices mythique et la plus grande migration animale sur Terre"
TH,Thaïlande,Asie,Asie du Sud-Est,"71,7 M",513120,True,False,False,4,Thaï,1,Baht,False,Nord,tropical,"rouge,blanc,bleu",True,aucun,Bouddhisme,"Le sourire légendaire, les temples dorés et la street food la plus diverse de tout le continent"
TL,Timor oriental,Asie,Asie du Sud-Est / Océanie,"1,3 M",14874,True,False,False,1,Tétoum,2,Dollar américain,False,Nord,tropical,"rouge,noir,jaune,blanc",True,"étoile,triangle",Christianisme (catholicisme),"L'un des pays les plus récents du monde, indépendant depuis 2002 après 24 ans d'occupation"
TG,Togo,Afrique,Afrique de l'Ouest,"8,7 M",56785,True,False,False,3,Français,1,Franc CFA,False,Nord,tropical,"vert,jaune,rouge,blanc",True,étoile,Multireligion,Surnommé le couloir de l'Afrique : 600 km du nord au sud pour à peine 100 km de large
TO,Tonga,Océanie,Océanie,105 K,748,True,False,True,0,Tonguien,2,Pa'anga,False,Sud,tropical,"rouge,blanc",False,croix,Christianisme,Le seul royaume polynésien à n'avoir jamais été colonisé — champion de rugby du Pacifique
TT,Trinité-et-Tobago,Amériques,Caraïbes,"1,4 M",5131,True,False,True,0,Anglais,1,Dollar de Trinité-et-Tobago,False,Nord,tropical,"rouge,blanc,noir",True,bande diagonale,Christianisme,L'île des Caraïbes qui a inventé le steel pan et le carnaval le plus explosif de l'Atlantique
TN,Tunisie,Afrique,Afrique du Nord,"12,0 M",163610,True,False,False,2,Arabe,1,Dinar tunisien,False,Nord,méditerranéen,"rouge,blanc",False,"croissant,étoile",Islam,"Les ruines de Carthage, les décors de Star Wars dans le Sahara et des médinas bleues et blanches"
TR,Turquie,Europe,Asie de l'Ouest / Europe du Sud,"85,3 M",783562,True,False,False,8,Turc,1,Lire turque,False,Nord,méditerranéen,"rouge,blanc",False,"croissant,étoile",Islam,"Le seul pays à cheval sur deux continents, avec une ville coupée en deux par un détroit"
TM,Turkménistan,Asie,Asie centrale,"6,1 M",488100,True,False,False,4,Turkmène,1,Manat,False,Nord,aride,"vert,rouge,blanc",True,"ornements,croissant",Islam,La porte de l'Enfer brûle sans interruption depuis 1971 — et ses chevaux ont la robe dorée
TV,Tuvalu,Océanie,Océanie,11 K,26,True,False,True,0,Tuvaluan,2,Dollar australien,False,Nord,tropical,"bleu,jaune,blanc",True,"Union Jack,étoiles",Christianisme,L'archipel qui se noie lentement mais gagne de l'argent en vendant son extension de domaine au monde
UG,Ouganda,Afrique,Afrique de l'Est,"48,6 M",241038,False,True,False,5,Anglais,2,Shilling ougandais,False,Nord,tropical,"noir,jaune,rouge",True,"grue,disque",Christianisme,"La perle de l'Afrique selon Churchill, avec les gorilles des brumes et les sources du Nil"
UA,Ukraine,Europe,Europe de l'Est,"43,5 M",603500,True,False,False,7,Ukrainien,1,Hryvnia,False,Nord,continental,"bleu,jaune",False,aucun,Christianisme (orthodoxe),Le grenier de l'Europe : le plus grand pays entièrement situé sur le continent européen
AE,Émirats arabes unis,Asie,Asie de l'Ouest,"9,9 M",83600,True,False,False,2,Arabe,1,Dirham,False,Nord,aride,"vert,blanc,noir,rouge",True,bandes,Islam,Le désert de sable doré qui a bâti les plus hauts gratte-ciels du monde en moins de 50 ans
GB,Royaume-Uni,Europe,Europe de l'Ouest,"67,7 M",242495,True,False,True,1,Anglais,1,Livre sterling,False,Nord,tempéré,"rouge,blanc,bleu",True,"Union Jack,croix",Christianisme,"L'inventeur du football, de la démocratie parlementaire, du thé à 17h et du silence en file d'attente"
US,États-Unis,Amériques,Amérique du Nord,"335,9 M",9833517,True,False,False,2,Anglais,1,Dollar américain,False,Nord,continental,"rouge,blanc,bleu",True,"étoiles,rayures",Christianisme,"Le pays des hamburgers, d'Hollywood, des grands espaces et du rêve en super-size"
UY,Uruguay,Amériques,Amérique du Sud,"3,5 M",176215,True,False,False,2,Espagnol,1,Peso uruguayen,False,Nord,tempéré,"bleu,blanc,jaune",True,"soleil,rayures",Christianisme (catholicisme),"Le premier pays au monde à légaliser le cannabis national, champion du maté et du football"
UZ,Ouzbékistan,Asie,Asie centrale,"36,0 M",448978,False,True,False,5,Ouzbek,1,Sum,False,Nord,aride,"bleu,blanc,vert",True,"croissant,étoiles",Islam,Samarcande la Légendaire : le carrefour de la Route de la Soie et des coupoles turquoise
VU,Vanuatu,Océanie,Océanie,330 K,12189,True,False,False,0,Bichelamar,3+,Vatu,False,Sud,tropical,"rouge,vert,noir,jaune",True,"sanglier,emblème",Christianisme,L'archipel du Pacifique qui possède le volcan accessible le plus actif du monde
VA,Vatican,Europe,Europe du Sud,800 hab.,0.44,False,True,False,1,Italien,2,Euro,False,Nord,méditerranéen,"jaune,blanc",False,"armoiries,clés",Christianisme (catholicisme),"Le plus petit État du monde : 0,44 km², un pape et la Chapelle Sixtine"
VE,Venezuela,Amériques,Amérique du Sud,"28,3 M",916445,True,False,False,3,Espagnol,1,Bolivar,False,Nord,tropical,"jaune,bleu,rouge",True,"étoiles,armoiries",Christianisme (catholicisme),La chute la plus haute du monde (979 m) jaillit ici d'une montagne tabulaire
VN,Vietnam,Asie,Asie du Sud-Est,"98,2 M",331212,True,False,False,3,Vietnamien,1,Dong,False,Nord,tropical,"rouge,jaune",False,étoile,Multireligion,"Les baies de calcaire émergent de l'eau, les phở fument et les lanternes brillent dans les vieilles rues"
YE,Yémen,Asie,Asie de l'Ouest,"33,7 M",527968,True,False,False,2,Arabe,1,Rial yéménite,False,Nord,aride,"rouge,blanc,noir",True,aucun,Islam,L'Arabie Heureuse des anciens : une île aux arbres à sang de dragon et une ville médiévale en pisé
ZM,Zambie,Afrique,Afrique australe,"20,0 M",752618,True,False,False,8,Anglais,1,Kwacha,False,Nord,tropical,"vert,rouge,noir,orange",True,aigle,Christianisme,"Les chutes Victoria, les plus larges du monde, mugissent à sa frontière sud"
ZW,Zimbabwe,Afrique,Afrique australe,"16,3 M",390757,False,True,False,4,Anglais,3+,Dollar zimbabwéen,False,Nord,tropical,"vert,jaune,rouge,noir,blanc",True,"oiseau,étoile",Christianisme,Les imposantes ruines d'une cité de pierre ont donné leur nom à ce pays
